,Provincia,Abreviaturas
0,Azuay,EC-A
1,Bolívar,EC-B
2,Cañar,EC-F
3,Carchi,EC-C
4,Chimborazo,EC-H
5,Cotopaxi,EC-X
6,El Oro,EC-O
7,Esmeraldas,EC-E
8,Galápagos,EC-W
9,Guayas,EC-G
10,Imbabura,EC-I
11,Loja,EC-L
12,Los Ríos,EC-R
13,Manabí,EC-M
14,Morona Santiago,EC-S
15,Napo,EC-N
16,Orellana,EC-D
17,Pastaza,EC-Y
18,Pichincha,EC-P
19,Santa Elena,EC-SE
20,Santo Domingo de los Tsáchilas,EC-SD
21,Sucumbíos,EC-U
22,Tungurahua,EC-T
23,Zamora Chinchipe,EC-Z
24,Total,
